Workbook

Sheet DATA RAW
A1: Gender | B1: Hemoglobin | C1: MCH | D1: MCHC | E1: MCV | F1: Result
A2: 1 | B2: 14.9 | C2: 22.7 | D2: 29.1 | E2: 83.7 | F2: 0
A3: 0 | B3: 15.9 | C3: 25.4 | D3: 28.3 | E3: 72 | F3: 0
A4: 0 | B4: 9 | C4: 21.5 | D4: 29.6 | E4: 71.2 | F4: 1
A5: 0 | B5: 14.9 | C5: 16 | D5: 31.4 | E5: 87.5 | F5: 0
A6: 1 | B6: 14.7 | C6: 22 | D6: 28.2 | E6: 99.5 | F6: 0
A7: 0 | B7: 11.6 | C7: 22.3 | D7: 30.9 | E7: 74.5 | F7: 1
A8: 1 | B8: 12.7 | C8: 19.5 | D8: 28.9 | E8: 82.9 | F8: 1
A9: 1 | B9: 12.7 | C9: 28.5 | D9: 28.2 | E9: 92.3 | F9: 1
A10: 0 | B10: 14.1 | C10: 29.7 | D10: 30.5 | E10: 75.2 | F10: 0
A11: 1 | B11: 14.9 | C11: 25.8 | D11: 31.3 | E11: 82.9 | F11: 0
A12: 1 | B12: 13 | C12: 18.3 | D12: 29.6 | E12: 87.8 | F12: 1
A13: 0 | B13: 16.7 | C13: 27.5 | D13: 28.2 | E13: 93 | F13: 0
... A1422: 0 | B1422: 11.8 | C1422: 21.2 | D1422: 28.4 | E1422: 98.1 | F1422: 1

Sheet DATA SIAP
A1: Gender | B1: Hemoglobin | C1: MCH | D1: MCHC | E1: MCV | F1: Result | H1: Gender | I1: Hemoglobin | J1: MCH | K1: MCHC | L1: MCV | M1: Result | O1: Gender | P1: Hemoglobin | Q1: MCH | R1: MCHC | S1: MCV | T1: Result
A2: 1 | B2: 14.9 | C2: 22.7 | D2: 29.1 | E2: 83.7 | F2: 0 | H2: 1 | I2: 14.9 | J2: 22.7 | K2: 29.1 | L2: 83.7 | M2: 0 | O2: 1 | P2: 14.9 | Q2: 22.7 | R2: 29.1 | S2: 83.7 | T2: 0
A3: 0 | B3: 15.9 | C3: 25.4 | D3: 28.3 | E3: 72 | F3: 0 | H3: 0 | I3: 15.9 | J3: 25.4 | K3: 28.3 | L3: 72 | M3: 0 | O3: 0 | P3: 15.9 | Q3: 25.4 | R3: 28.3 | S3: 72 | T3: 0
A4: 0 | B4: 14.9 | C4: 16 | D4: 31.4 | E4: 87.5 | F4: 0 | H4: 0 | I4: 9 | J4: 21.5 | K4: 29.6 | L4: 71.2 | M4: 1 | O4: 0 | P4: 14.9 | Q4: 16 | R4: 31.4 | S4: 87.5 | T4: 0
A5: 1 | B5: 14.7 | C5: 22 | D5: 28.2 | E5: 99.5 | F5: 0 | H5: 0 | I5: 14.9 | J5: 16 | K5: 31.4 | L5: 87.5 | M5: 0 | O5: 1 | P5: 14.7 | Q5: 22 | R5: 28.2 | S5: 99.5 | T5: 0
A6: 0 | B6: 14.1 | C6: 29.7 | D6: 30.5 | E6: 75.2 | F6: 0 | H6: 1 | I6: 14.7 | J6: 22 | K6: 28.2 | L6: 99.5 | M6: 0 | O6: 0 | P6: 14.1 | Q6: 29.7 | R6: 30.5 | S6: 75.2 | T6: 0
A7: 1 | B7: 14.9 | C7: 25.8 | D7: 31.3 | E7: 82.9 | F7: 0 | H7: 0 | I7: 11.6 | J7: 22.3 | K7: 30.9 | L7: 74.5 | M7: 1 | O7: 1 | P7: 14.9 | Q7: 25.8 | R7: 31.3 | S7: 82.9 | T7: 0
A8: 0 | B8: 16.7 | C8: 27.5 | D8: 28.2 | E8: 93 | F8: 0 | H8: 1 | I8: 12.7 | J8: 19.5 | K8: 28.9 | L8: 82.9 | M8: 1 | O8: 0 | P8: 16.7 | Q8: 27.5 | R8: 28.2 | S8: 93 | T8: 0
A9: 0 | B9: 13.4 | C9: 25.2 | D9: 30.2 | E9: 95.9 | F9: 0 | H9: 1 | I9: 12.7 | J9: 28.5 | K9: 28.2 | L9: 92.3 | M9: 1 | O9: 0 | P9: 13.4 | Q9: 25.2 | R9: 30.2 | S9: 95.9 | T9: 0
A10: 0 | B10: 14.7 | C10: 28.9 | D10: 31 | E10: 69.8 | F10: 0 | H10: 0 | I10: 14.1 | J10: 29.7 | K10: 30.5 | L10: 75.2 | M10: 0 | O10: 0 | P10: 14.7 | Q10: 28.9 | R10: 31 | S10: 69.8 | T10: 0
A11: 0 | B11: 15.9 | C11: 24.3 | D11: 28.7 | E11: 91.5 | F11: 0 | H11: 1 | I11: 14.9 | J11: 25.8 | K11: 31.3 | L11: 82.9 | M11: 0 | O11: 0 | P11: 15.9 | Q11: 24.3 | R11: 28.7 | S11: 91.5 | T11: 0
A12: 1 | B12: 14 | C12: 25.5 | D12: 32 | E12: 81.6 | F12: 0 | H12: 1 | I12: 13 | J12: 18.3 | K12: 29.6 | L12: 87.8 | M12: 1 | O12: 1 | P12: 14 | Q12: 25.5 | R12: 32 | S12: 81.6 | T12: 0
A13: 1 | B13: 15.9 | C13: 24 | D13: 27.9 | E13: 83.7 | F13: 0 | H13: 0 | I13: 16.7 | J13: 27.5 | K13: 28.2 | L13: 93 | M13: 0 | O13: 1 | P13: 15.9 | Q13: 24 | R13: 27.9 | S13: 83.7 | T13: 0
... A427: 0 | B427: 11.2 | C427: 26 | D427: 29.8 | E427: 73 | F427: 1 | H427: 1 | I427: 12.2 | J427: 23.4 | K427: 32 | L427: 86 | M427: 1 | O427: 1 | P427: 12.2 | Q427: 23.4 | R427: 32 | S427: 86 | T427: 1
A428: 1 | B428: 13.4 | C428: 26.6 | D428: 28.3 | E428: 88.6 | F428: 1
A429: 0 | B429: 8.6 | C429: 29.3 | D429: 28.9 | E429: 88.3 | F429: 1
A430: 0 | B430: 7.5 | C430: 28.8 | D430: 30.8 | E430: 86.4 | F430: 1
A431: 1 | B431: 12.4 | C431: 21.7 | D431: 31.9 | E431: 90.9 | F431: 1
A432: 1 | B432: 10.8 | C432: 26.7 | D432: 31.6 | E432: 98.3 | F432: 1
A433: 0 | B433: 11.9 | C433: 16.7 | D433: 31.9 | E433: 74.1 | F433: 1
A434: 1 | B434: 12.5 | C434: 22.2 | D434: 27.9 | E434: 89.4 | F434: 1
A435: 1 | B435: 10.6 | C435: 29.5 | D435: 30.4 | E435: 85 | F435: 1
A436: 1 | B436: 12.9 | C436: 25.7 | D436: 29.7 | E436: 80.6 | F436: 1
A437: 1 | B437: 12.5 | C437: 24.9 | D437: 30.5 | E437: 77.3 | F437: 1
A438: 0 | B438: 10.5 | C438: 28.5 | D438: 32.3 | E438: 70 | F438: 1
A439: 1 | B439: 10.7 | C439: 22.7 | D439: 30.5 | E439: 86.6 | F439: 1
... A535: 1 | B535: 13 | C535: 26 | D535: 31.4 | E535: 82.8 | F535: 1

Sheet DATA TRAINING 80%
A1: STATISTIK | B1: HEMOGLOBIN | C1: MCH | D1: MCHC | E1: MCV | G1: Kecocokan Data Sehat | L1: Kecocokan Data Anemia | Q1: Peluang Awal (Prior) | T1: Peluang Awal (Prior) | W1: Rumus Kesimpulan Otomatis | Y1: TN | Z1: Pasien Sehat, Ditebak Benar.
A2: MEAN (SEHAT/0) | B2: =AVERAGE('DATA SIAP'!P2:P232) -> 14.837662 | C2: =AVERAGE('DATA SIAP'!Q2:Q232) -> 22.906061 | D2: =AVERAGE('DATA SIAP'!R2:R232) -> 30.120346 | E2: =AVERAGE('DATA SIAP'!S2:S232) -> 85.803896 | G2: LL HB | H2: LL MCH | I2: LL MCHC | J2: LL MCV | L2: LL HB | M2: LL MCH | N2: LL MCHC | O2: LL MCV | Q2: Prior Sehat (P0) | R2: =COUNTIF('DATA SIAP'!M:M, 0) / COUNT('DATA SIAP'!M:M) -> 0.54225352 | T2: Prior Sehat (P0) | U2: Prior Anemia (P1) | W2: =IF(T3>U3, "ANEMIA", "SEHAT") -> ANEMIA | Y2: FP | Z2: Pasien Sehat, Dituduh Sakit.
A3: STDEV (SEHAT/0) | B3: =_xlfn.STDEV.S('DATA SIAP'!P2:P232) -> 1.3130488 | C3: =_xlfn.STDEV.S('DATA SIAP'!Q2:Q232) -> 3.8418245 | D3: =_xlfn.STDEV.S('DATA SIAP'!R2:R232) -> 1.4019774 | E3: =_xlfn.STDEV.S('DATA SIAP'!S2:S232) -> 9.2574263 | G3: =_xlfn.NORM.DIST('DATA SIAP'!I2,$B$2,$B$3, FALSE) -> 0.30348677 | H3: =_xlfn.NORM.DIST('DATA SIAP'!J2,$C$2,$C$3, FALSE) -> 0.10369262 | I3: =_xlfn.NORM.DIST('DATA SIAP'!K2,$D$2,$D$3, FALSE) -> 0.2183487 | J3: =_xlfn.NORM.DIST('DATA SIAP'!L2,$E$2,$E$3, FALSE) -> 0.04199564 | L3: =_xlfn.NORM.DIST('DATA SIAP'!I2,$B$5,$B$6, FALSE) -> 0.0057836965 | M3: =_xlfn.NORM.DIST('DATA SIAP'!J2,$C$5,$C$6, FALSE) -> 0.096695669 | N3: =_xlfn.NORM.DIST('DATA SIAP'!K2,$D$5,$D$6, FALSE) -> 0.19067592 | O3: =_xlfn.NORM.DIST('DATA SIAP'!L2,$E$5,$E$6, FALSE) -> 0.039984229 | Q3: Prior Anemia (P1) | R3: =COUNTIF('DATA SIAP'!M:M, 1) / COUNT('DATA SIAP'!M:M) -> 0.45774648 | T3: =$R$2 * G3 * H3 * I3 * J3 -> 0.00015647495 | U3: =$R$3 * L3 * M3 * N3 * O3 -> 1.9517407e-06 | W3: =IF(T4>U4, "ANEMIA", "SEHAT") -> ANEMIA | Y3: FN | Z3: Pasien Sakit, Lolos Deteksi.
G4: =_xlfn.NORM.DIST('DATA SIAP'!I3,$B$2,$B$3, FALSE) -> 0.2190225 | H4: =_xlfn.NORM.DIST('DATA SIAP'!J3,$C$2,$C$3, FALSE) -> 0.084113602 | I4: =_xlfn.NORM.DIST('DATA SIAP'!K3,$D$2,$D$3, FALSE) -> 0.12248571 | J4: =_xlfn.NORM.DIST('DATA SIAP'!L3,$E$2,$E$3, FALSE) -> 0.014177799 | L4: =_xlfn.NORM.DIST('DATA SIAP'!I3,$B$5,$B$6, FALSE) -> 0.00040610809 | M4: =_xlfn.NORM.DIST('DATA SIAP'!J3,$C$5,$C$6, FALSE) -> 0.080863794 | N4: =_xlfn.NORM.DIST('DATA SIAP'!K3,$D$5,$D$6, FALSE) -> 0.092733896 | O4: =_xlfn.NORM.DIST('DATA SIAP'!L3,$E$5,$E$6, FALSE) -> 0.016505217 | T4: =$R$2 * G4 * H4 * I4 * J4 -> 1.7348086e-05 | U4: =$R$3 * L4 * M4 * N4 * O4 -> 2.3008087e-08 | W4: =IF(T5>U5, "ANEMIA", "SEHAT") -> SEHAT | Y4: TP | Z4: Pasien Sakit, Ditebak Benar.
A5: MEAN (ANEMIA/1) | B5: =AVERAGE('DATA SIAP'!P233:P427) -> 11.426667 | C5: =AVERAGE('DATA SIAP'!Q233:Q427) -> 22.926154 | D5: =AVERAGE('DATA SIAP'!R233:R427) -> 30.362564 | E5: =AVERAGE('DATA SIAP'!S233:S427) -> 85.205128 | G5: =_xlfn.NORM.DIST('DATA SIAP'!I4,$B$2,$B$3, FALSE) -> 1.5506804e-05 | H5: =_xlfn.NORM.DIST('DATA SIAP'!J4,$C$2,$C$3, FALSE) -> 0.097115002 | I5: =_xlfn.NORM.DIST('DATA SIAP'!K4,$D$2,$D$3, FALSE) -> 0.26561722 | J5: =_xlfn.NORM.DIST('DATA SIAP'!L4,$E$2,$E$3, FALSE) -> 0.012417234 | L5: =_xlfn.NORM.DIST('DATA SIAP'!I4,$B$5,$B$6, FALSE) -> 0.045565576 | M5: =_xlfn.NORM.DIST('DATA SIAP'!J4,$C$5,$C$6, FALSE) -> 0.091208751 | N5: =_xlfn.NORM.DIST('DATA SIAP'!K4,$D$5,$D$6, FALSE) -> 0.2508769 | O5: =_xlfn.NORM.DIST('DATA SIAP'!L4,$E$5,$E$6, FALSE) -> 0.014757734 | T5: =$R$2 * G5 * H5 * I5 * J5 -> 2.6933457e-09 | U5: =$R$3 * L5 * M5 * N5 * O5 -> 7.0433415e-06 | W5: =IF(T6>U6, "ANEMIA", "SEHAT") -> ANEMIA
A6: STDEV (ANEMIA/1) | B6: =_xlfn.STDEV.S('DATA SIAP'!P233:P427) -> 1.223063 | C6: =_xlfn.STDEV.S('DATA SIAP'!Q233:Q427) -> 4.1195389 | D6: =_xlfn.STDEV.S('DATA SIAP'!R233:R427) -> 1.3583585 | E6: =_xlfn.STDEV.S('DATA SIAP'!S233:S427) -> 9.8619635 | G6: =_xlfn.NORM.DIST('DATA SIAP'!I5,$B$2,$B$3, FALSE) -> 0.30348677 | H6: =_xlfn.NORM.DIST('DATA SIAP'!J5,$C$2,$C$3, FALSE) -> 0.020639112 | I6: =_xlfn.NORM.DIST('DATA SIAP'!K5,$D$2,$D$3, FALSE) -> 0.18761229 | J6: =_xlfn.NORM.DIST('DATA SIAP'!L5,$E$2,$E$3, FALSE) -> 0.04237704 | L6: =_xlfn.NORM.DIST('DATA SIAP'!I5,$B$5,$B$6, FALSE) -> 0.0057836965 | M6: =_xlfn.NORM.DIST('DATA SIAP'!J5,$C$5,$C$6, FALSE) -> 0.023563565 | N6: =_xlfn.NORM.DIST('DATA SIAP'!K5,$D$5,$D$6, FALSE) -> 0.21939825 | O6: =_xlfn.NORM.DIST('DATA SIAP'!L5,$E$5,$E$6, FALSE) -> 0.039372082 | T6: =$R$2 * G6 * H6 * I6 * J6 -> 2.7003812e-05 | U6: =$R$3 * L6 * M6 * N6 * O6 -> 5.3888122e-07 | W6: =IF(T7>U7, "ANEMIA", "SEHAT") -> ANEMIA
G7: =_xlfn.NORM.DIST('DATA SIAP'!I6,$B$2,$B$3, FALSE) -> 0.30216375 | H7: =_xlfn.NORM.DIST('DATA SIAP'!J6,$C$2,$C$3, FALSE) -> 0.10099377 | I7: =_xlfn.NORM.DIST('DATA SIAP'!K6,$D$2,$D$3, FALSE) -> 0.11136772 | J7: =_xlfn.NORM.DIST('DATA SIAP'!L6,$E$2,$E$3, FALSE) -> 0.01442513 | L7: =_xlfn.NORM.DIST('DATA SIAP'!I6,$B$5,$B$6, FALSE) -> 0.0090798586 | M7: =_xlfn.NORM.DIST('DATA SIAP'!J6,$C$5,$C$6, FALSE) -> 0.094424779 | N7: =_xlfn.NORM.DIST('DATA SIAP'!K6,$D$5,$D$6, FALSE) -> 0.082701727 | O7: =_xlfn.NORM.DIST('DATA SIAP'!L6,$E$5,$E$6, FALSE) -> 0.01414856 | T7: =$R$2 * G7 * H7 * I7 * J7 -> 2.6583881e-05 | U7: =$R$3 * L7 * M7 * N7 * O7 -> 4.5921587e-07 | W7: =IF(T8>U8, "ANEMIA", "SEHAT") -> SEHAT | Y7: TN | Z7: FP | AA7: FN | AB7: TP
A8: Tes Data Pasien | G8: =_xlfn.NORM.DIST('DATA SIAP'!I7,$B$2,$B$3, FALSE) -> 0.01453385 | H8: =_xlfn.NORM.DIST('DATA SIAP'!J7,$C$2,$C$3, FALSE) -> 0.10255778 | I8: =_xlfn.NORM.DIST('DATA SIAP'!K7,$D$2,$D$3, FALSE) -> 0.24378919 | J8: =_xlfn.NORM.DIST('DATA SIAP'!L7,$E$2,$E$3, FALSE) -> 0.02044818 | L8: =_xlfn.NORM.DIST('DATA SIAP'!I7,$B$5,$B$6, FALSE) -> 0.32292367 | M8: =_xlfn.NORM.DIST('DATA SIAP'!J7,$C$5,$C$6, FALSE) -> 0.095729269 | N8: =_xlfn.NORM.DIST('DATA SIAP'!K7,$D$5,$D$6, FALSE) -> 0.27158358 | O8: =_xlfn.NORM.DIST('DATA SIAP'!L7,$E$5,$E$6, FALSE) -> 0.022443027 | T8: =$R$2 * G8 * H8 * I8 * J8 -> 4.0292177e-06 | U8: =$R$3 * L8 * M8 * N8 * O8 -> 8.6249101e-05 | W8: =IF(T9>U9, "ANEMIA", "SEHAT") -> SEHAT | Y8: =COUNTIFS('DATA SIAP'!T:T, 0, W:W, "SEHAT") -> 94 | Z8: =COUNTIFS('DATA SIAP'!T:T, 0, W:W, "ANEMIA") -> 137 | AA8: =COUNTIFS('DATA SIAP'!T:T, 1, W:W, "SEHAT") -> 110 | AB8: =COUNTIFS('DATA SIAP'!T:T, 1, W:W, "ANEMIA") -> 85
A9: HEMOGLOBIN | B9: MCH | C9: MCHC | D9: MCV | G9: =_xlfn.NORM.DIST('DATA SIAP'!I8,$B$2,$B$3, FALSE) -> 0.080741246 | H9: =_xlfn.NORM.DIST('DATA SIAP'!J8,$C$2,$C$3, FALSE) -> 0.070095801 | I9: =_xlfn.NORM.DIST('DATA SIAP'!K8,$D$2,$D$3, FALSE) -> 0.1948236 | J9: =_xlfn.NORM.DIST('DATA SIAP'!L8,$E$2,$E$3, FALSE) -> 0.041025433 | L9: =_xlfn.NORM.DIST('DATA SIAP'!I8,$B$5,$B$6, FALSE) -> 0.18971287 | M9: =_xlfn.NORM.DIST('DATA SIAP'!J8,$C$5,$C$6, FALSE) -> 0.06852691 | N9: =_xlfn.NORM.DIST('DATA SIAP'!K8,$D$5,$D$6, FALSE) -> 0.16449544 | O9: =_xlfn.NORM.DIST('DATA SIAP'!L8,$E$5,$E$6, FALSE) -> 0.039362533 | T9: =$R$2 * G9 * H9 * I9 * J9 -> 2.4529267e-05 | U9: =$R$3 * L9 * M9 * N9 * O9 -> 3.8531849e-05 | W9: =IF(T10>U10, "ANEMIA", "SEHAT") -> SEHAT
A10: 12.5 | B10: 21 | C10: 30 | D10: 88 | G10: =_xlfn.NORM.DIST('DATA SIAP'!I9,$B$2,$B$3, FALSE) -> 0.080741246 | H10: =_xlfn.NORM.DIST('DATA SIAP'!J9,$C$2,$C$3, FALSE) -> 0.035974462 | I10: =_xlfn.NORM.DIST('DATA SIAP'!K9,$D$2,$D$3, FALSE) -> 0.11136772 | J10: =_xlfn.NORM.DIST('DATA SIAP'!L9,$E$2,$E$3, FALSE) -> 0.03368951 | L10: =_xlfn.NORM.DIST('DATA SIAP'!I9,$B$5,$B$6, FALSE) -> 0.18971287 | M10: =_xlfn.NORM.DIST('DATA SIAP'!J9,$C$5,$C$6, FALSE) -> 0.038773417 | N10: =_xlfn.NORM.DIST('DATA SIAP'!K9,$D$5,$D$6, FALSE) -> 0.082701727 | O10: =_xlfn.NORM.DIST('DATA SIAP'!L9,$E$5,$E$6, FALSE) -> 0.031229104 | T10: =$R$2 * G10 * H10 * I10 * J10 -> 5.9094376e-06 | U10: =$R$3 * L10 * M10 * N10 * O10 -> 8.6962092e-06 | W10: =IF(T11>U11, "ANEMIA", "SEHAT") -> ANEMIA | Y10: Rumus Akurasi | Z10: Rumus Presisi | AA10: Rumus Recall | AB10: Rumus F1-Score
G11: =_xlfn.NORM.DIST('DATA SIAP'!I10,$B$2,$B$3, FALSE) -> 0.25947465 | H11: =_xlfn.NORM.DIST('DATA SIAP'!J10,$C$2,$C$3, FALSE) -> 0.021741521 | I11: =_xlfn.NORM.DIST('DATA SIAP'!K10,$D$2,$D$3, FALSE) -> 0.27431226 | J11: =_xlfn.NORM.DIST('DATA SIAP'!L10,$E$2,$E$3, FALSE) -> 0.022362057 | L11: =_xlfn.NORM.DIST('DATA SIAP'!I10,$B$5,$B$6, FALSE) -> 0.029924129 | M11: =_xlfn.NORM.DIST('DATA SIAP'!J10,$C$5,$C$6, FALSE) -> 0.025057646 | N11: =_xlfn.NORM.DIST('DATA SIAP'!K10,$D$5,$D$6, FALSE) -> 0.29219497 | O11: =_xlfn.NORM.DIST('DATA SIAP'!L10,$E$5,$E$6, FALSE) -> 0.024179598 | T11: =$R$2 * G11 * H11 * I11 * J11 -> 1.8764811e-05 | U11: =$R$3 * L11 * M11 * N11 * O11 -> 2.4249826e-06 | W11: =IF(T12>U12, "ANEMIA", "SEHAT") -> ANEMIA | Y11: =(Y8+AB8) / COUNT('DATA SIAP'!M:M) -> 0.42018779 | Z11: =AB8 / (AB8 + Z8) -> 0.38288288 | AA11: =AB8 / (AB8 + AA8) -> 0.43589744 | AB11: =2 * (Z11 * AA11) / (Z11 + AA11) -> 0.40767386
A12: Kecocokan Data (Likelihood) | G12: =_xlfn.NORM.DIST('DATA SIAP'!I11,$B$2,$B$3, FALSE) -> 0.30348677 | H12: =_xlfn.NORM.DIST('DATA SIAP'!J11,$C$2,$C$3, FALSE) -> 0.078191418 | I12: =_xlfn.NORM.DIST('DATA SIAP'!K11,$D$2,$D$3, FALSE) -> 0.19972435 | J12: =_xlfn.NORM.DIST('DATA SIAP'!L11,$E$2,$E$3, FALSE) -> 0.041025433 | L12: =_xlfn.NORM.DIST('DATA SIAP'!I11,$B$5,$B$6, FALSE) -> 0.0057836965 | M12: =_xlfn.NORM.DIST('DATA SIAP'!J11,$C$5,$C$6, FALSE) -> 0.075924784 | N12: =_xlfn.NORM.DIST('DATA SIAP'!K11,$D$5,$D$6, FALSE) -> 0.23145933 | O12: =_xlfn.NORM.DIST('DATA SIAP'!L11,$E$5,$E$6, FALSE) -> 0.039362533 | T12: =$R$2 * G12 * H12 * I12 * J12 -> 0.00010543515 | U12: =$R$3 * L12 * M12 * N12 * O12 -> 1.8313519e-06 | W12: =IF(T13>U13, "ANEMIA", "SEHAT") -> ANEMIA
A13: LL HB | B13: LL MCH | C13: LL MCHC | D13: LL MCV | G13: =_xlfn.NORM.DIST('DATA SIAP'!I12,$B$2,$B$3, FALSE) -> 0.11410408 | H13: =_xlfn.NORM.DIST('DATA SIAP'!J12,$C$2,$C$3, FALSE) -> 0.050610467 | I13: =_xlfn.NORM.DIST('DATA SIAP'!K12,$D$2,$D$3, FALSE) -> 0.26561722 | J13: =_xlfn.NORM.DIST('DATA SIAP'!L12,$E$2,$E$3, FALSE) -> 0.042104064 | L13: =_xlfn.NORM.DIST('DATA SIAP'!I12,$B$5,$B$6, FALSE) -> 0.14260258 | M13: =_xlfn.NORM.DIST('DATA SIAP'!J12,$C$5,$C$6, FALSE) -> 0.051549117 | N13: =_xlfn.NORM.DIST('DATA SIAP'!K12,$D$5,$D$6, FALSE) -> 0.2508769 | O13: =_xlfn.NORM.DIST('DATA SIAP'!L12,$E$5,$E$6, FALSE) -> 0.039076279 | T13: =$R$2 * G13 * H13 * I13 * J13 -> 3.5020644e-05 | U13: =$R$3 * L13 * M13 * N13 * O13 -> 3.2987356e-05 | W13: =IF(T14>U14, "ANEMIA", "SEHAT") -> ANEMIA
A14: =_xlfn.NORM.DIST(A10, B2, B3, FALSE) -> 0.062282132 | B14: =_xlfn.NORM.DIST(B10, C2, C3, FALSE) -> 0.091816754 | C14: =_xlfn.NORM.DIST(C10, D2, D3, FALSE) -> 0.28351039 | D14: =_xlfn.NORM.DIST(D10, E2, E3, FALSE) -> 0.041898605 | G14: =_xlfn.NORM.DIST('DATA SIAP'!I13,$B$2,$B$3, FALSE) -> 0.11112256 | H14: =_xlfn.NORM.DIST('DATA SIAP'!J13,$C$2,$C$3, FALSE) -> 0.050802021 | I14: =_xlfn.NORM.DIST('DATA SIAP'!K13,$D$2,$D$3, FALSE) -> 0.11136772 | J14: =_xlfn.NORM.DIST('DATA SIAP'!L13,$E$2,$E$3, FALSE) -> 0.031857324 | L14: =_xlfn.NORM.DIST('DATA SIAP'!I13,$B$5,$B$6, FALSE) -> 2.9974745e-05 | M14: =_xlfn.NORM.DIST('DATA SIAP'!J13,$C$5,$C$6, FALSE) -> 0.052285206 | N14: =_xlfn.NORM.DIST('DATA SIAP'!K13,$D$5,$D$6, FALSE) -> 0.082701727 | O14: =_xlfn.NORM.DIST('DATA SIAP'!L13,$E$5,$E$6, FALSE) -> 0.029599791 | T14: =$R$2 * G14 * H14 * I14 * J14 -> 1.086061e-05 | U14: =$R$3 * L14 * M14 * N14 * O14 -> 1.7561539e-09 | W14: =IF(T15>U15, "ANEMIA", "SEHAT") -> ANEMIA
A15: =_xlfn.NORM.DIST(A10, B5, B6, FALSE) -> 0.22193548 | B15: =_xlfn.NORM.DIST(B10, C5, C6, FALSE) -> 0.086813904 | C15: =_xlfn.NORM.DIST(C10, D5, D6, FALSE) -> 0.28341674 | D15: =_xlfn.NORM.DIST(D10, E5, E6, FALSE) -> 0.03886033 | G15: =_xlfn.NORM.DIST('DATA SIAP'!I14,$B$2,$B$3, FALSE) -> 0.16684373 | H15: =_xlfn.NORM.DIST('DATA SIAP'!J14,$C$2,$C$3, FALSE) -> 0.086886906 | I15: =_xlfn.NORM.DIST('DATA SIAP'!K14,$D$2,$D$3, FALSE) -> 0.28409795 | J15: =_xlfn.NORM.DIST('DATA SIAP'!L14,$E$2,$E$3, FALSE) -> 0.02377636 | L15: =_xlfn.NORM.DIST('DATA SIAP'!I14,$B$5,$B$6, FALSE) -> 0.088754245 | M15: =_xlfn.NORM.DIST('DATA SIAP'!J14,$C$5,$C$6, FALSE) -> 0.08315798 | N15: =_xlfn.NORM.DIST('DATA SIAP'!K14,$D$5,$D$6, FALSE) -> 0.29159869 | O15: =_xlfn.NORM.DIST('DATA SIAP'!L14,$E$5,$E$6, FALSE) -> 0.022468366 | T15: =$R$2 * G15 * H15 * I15 * J15 -> 5.3098234e-05 | U15: =$R$3 * L15 * M15 * N15 * O15 -> 2.2134776e-05 | W15: =IF(T16>U16, "ANEMIA", "SEHAT") -> ANEMIA
G16: =_xlfn.NORM.DIST('DATA SIAP'!I15,$B$2,$B$3, FALSE) -> 0.30216375 | H16: =_xlfn.NORM.DIST('DATA SIAP'!J15,$C$2,$C$3, FALSE) -> 0.03074686 | I16: =_xlfn.NORM.DIST('DATA SIAP'!K15,$D$2,$D$3, FALSE) -> 0.23371302 | J16: =_xlfn.NORM.DIST('DATA SIAP'!L15,$E$2,$E$3, FALSE) -> 0.0096704989 | L16: =_xlfn.NORM.DIST('DATA SIAP'!I15,$B$5,$B$6, FALSE) -> 0.0090798586 | M16: =_xlfn.NORM.DIST('DATA SIAP'!J15,$C$5,$C$6, FALSE) -> 0.033840027 | N16: =_xlfn.NORM.DIST('DATA SIAP'!K15,$D$5,$D$6, FALSE) -> 0.26307337 | O16: =_xlfn.NORM.DIST('DATA SIAP'!L15,$E$5,$E$6, FALSE) -> 0.011942364 | T16: =$R$2 * G16 * H16 * I16 * J16 -> 1.138616e-05 | U16: =$R$3 * L16 * M16 * N16 * O16 -> 4.4187759e-07 | W16: =IF(T17>U17, "ANEMIA", "SEHAT") -> ANEMIA
A17: Peluang Awal (Prior) | G17: =_xlfn.NORM.DIST('DATA SIAP'!I16,$B$2,$B$3, FALSE) -> 0.2190225 | H17: =_xlfn.NORM.DIST('DATA SIAP'!J16,$C$2,$C$3, FALSE) -> 0.097226723 | I17: =_xlfn.NORM.DIST('DATA SIAP'!K16,$D$2,$D$3, FALSE) -> 0.17033125 | J17: =_xlfn.NORM.DIST('DATA SIAP'!L16,$E$2,$E$3, FALSE) -> 0.03566226 | L17: =_xlfn.NORM.DIST('DATA SIAP'!I16,$B$5,$B$6, FALSE) -> 0.00040610809 | M17: =_xlfn.NORM.DIST('DATA SIAP'!J16,$C$5,$C$6, FALSE) -> 0.091603181 | N17: =_xlfn.NORM.DIST('DATA SIAP'!K16,$D$5,$D$6, FALSE) -> 0.13886633 | O17: =_xlfn.NORM.DIST('DATA SIAP'!L16,$E$5,$E$6, FALSE) -> 0.032997087 | T17: =$R$2 * G17 * H17 * I17 * J17 -> 7.0142295e-05 | U17: =$R$3 * L17 * M17 * N17 * O17 -> 7.8027875e-08 | W17: =IF(T18>U18, "ANEMIA", "SEHAT") -> ANEMIA
A18: Prior Sehat (P0) | B18: =COUNTIF('DATA SIAP'!F:F, 0) / COUNT('DATA SIAP'!F:F) -> 0.53745318 | G18: =_xlfn.NORM.DIST('DATA SIAP'!I17,$B$2,$B$3, FALSE) -> 0.24788712 | H18: =_xlfn.NORM.DIST('DATA SIAP'!J17,$C$2,$C$3, FALSE) -> 0.082676258 | I18: =_xlfn.NORM.DIST('DATA SIAP'!K17,$D$2,$D$3, FALSE) -> 0.11583575 | J18: =_xlfn.NORM.DIST('DATA SIAP'!L17,$E$2,$E$3, FALSE) -> 0.03887232 | L18: =_xlfn.NORM.DIST('DATA SIAP'!I17,$B$5,$B$6, FALSE) -> 0.035660204 | M18: =_xlfn.NORM.DIST('DATA SIAP'!J17,$C$5,$C$6, FALSE) -> 0.079670096 | N18: =_xlfn.NORM.DIST('DATA SIAP'!K17,$D$5,$D$6, FALSE) -> 0.14202208 | O18: =_xlfn.NORM.DIST('DATA SIAP'!L17,$E$5,$E$6, FALSE) -> 0.037838035 | T18: =$R$2 * G18 * H18 * I18 * J18 -> 5.004034e-05 | U18: =$R$3 * L18 * M18 * N18 * O18 -> 6.988575e-06 | W18: =IF(T19>U19, "ANEMIA", "SEHAT") -> ANEMIA
A19: Prior Anemia (P1) | B19: =COUNTIF('DATA SIAP'!F:F, 1) / COUNT('DATA SIAP'!F:F) -> 0.46254682 | G19: =_xlfn.NORM.DIST('DATA SIAP'!I18,$B$2,$B$3, FALSE) -> 0.2190225 | H19: =_xlfn.NORM.DIST('DATA SIAP'!J18,$C$2,$C$3, FALSE) -> 0.099716342 | I19: =_xlfn.NORM.DIST('DATA SIAP'!K18,$D$2,$D$3, FALSE) -> 0.081193977 | J19: =_xlfn.NORM.DIST('DATA SIAP'!L18,$E$2,$E$3, FALSE) -> 0.04199564 | L19: =_xlfn.NORM.DIST('DATA SIAP'!I18,$B$5,$B$6, FALSE) -> 0.00040610809 | M19: =_xlfn.NORM.DIST('DATA SIAP'!J18,$C$5,$C$6, FALSE) -> 0.093606581 | N19: =_xlfn.NORM.DIST('DATA SIAP'!K18,$D$5,$D$6, FALSE) -> 0.056783277 | O19: =_xlfn.NORM.DIST('DATA SIAP'!L18,$E$5,$E$6, FALSE) -> 0.039984229 | T19: =$R$2 * G19 * H19 * I19 * J19 -> 4.0381781e-05 | U19: =$R$3 * L19 * M19 * N19 * O19 -> 3.9507743e-08 | W19: =IF(T20>U20, "ANEMIA", "SEHAT") -> SEHAT
G20: =_xlfn.NORM.DIST('DATA SIAP'!I19,$B$2,$B$3, FALSE) -> 0.046941355 | H20: =_xlfn.NORM.DIST('DATA SIAP'!J19,$C$2,$C$3, FALSE) -> 0.099626303 | I20: =_xlfn.NORM.DIST('DATA SIAP'!K19,$D$2,$D$3, FALSE) -> 0.072336844 | J20: =_xlfn.NORM.DIST('DATA SIAP'!L19,$E$2,$E$3, FALSE) -> 0.029931522 | L20: =_xlfn.NORM.DIST('DATA SIAP'!I19,$B$5,$B$6, FALSE) -> 0.25278053 | M20: =_xlfn.NORM.DIST('DATA SIAP'!J19,$C$5,$C$6, FALSE) -> 0.093289748 | N20: =_xlfn.NORM.DIST('DATA SIAP'!K19,$D$5,$D$6, FALSE) -> 0.049554333 | O20: =_xlfn.NORM.DIST('DATA SIAP'!L19,$E$5,$E$6, FALSE) -> 0.03074678 | T20: =$R$2 * G20 * H20 * I20 * J20 -> 5.4906071e-06 | U20: =$R$3 * L20 * M20 * N20 * O20 -> 1.6446891e-05 | W20: =IF(T21>U21, "ANEMIA", "SEHAT") -> ANEMIA
A21: Skor Akhir | G21: =_xlfn.NORM.DIST('DATA SIAP'!I20,$B$2,$B$3, FALSE) -> 0.27720518 | H21: =_xlfn.NORM.DIST('DATA SIAP'!J20,$C$2,$C$3, FALSE) -> 0.094222961 | I21: =_xlfn.NORM.DIST('DATA SIAP'!K20,$D$2,$D$3, FALSE) -> 0.28452688 | J21: =_xlfn.NORM.DIST('DATA SIAP'!L20,$E$2,$E$3, FALSE) -> 0.028282639 | L21: =_xlfn.NORM.DIST('DATA SIAP'!I20,$B$5,$B$6, FALSE) -> 0.0016661511 | M21: =_xlfn.NORM.DIST('DATA SIAP'!J20,$C$5,$C$6, FALSE) -> 0.089168515 | N21: =_xlfn.NORM.DIST('DATA SIAP'!K20,$D$5,$D$6, FALSE) -> 0.28825868 | O21: =_xlfn.NORM.DIST('DATA SIAP'!L20,$E$5,$E$6, FALSE) -> 0.026440297 | T21: =$R$2 * G21 * H21 * I21 * J21 -> 0.00011397345 | U21: =$R$3 * L21 * M21 * N21 * O21 -> 5.18322e-07 | W21: =IF(T22>U22, "ANEMIA", "SEHAT") -> ANEMIA
A22: Skor Sehat | B22: =B18 * A14 * B14 * C14 * D14 -> 3.650855e-05 | G22: =_xlfn.NORM.DIST('DATA SIAP'!I21,$B$2,$B$3, FALSE) -> 0.19485002 | H22: =_xlfn.NORM.DIST('DATA SIAP'!J21,$C$2,$C$3, FALSE) -> 0.066843499 | I22: =_xlfn.NORM.DIST('DATA SIAP'!K21,$D$2,$D$3, FALSE) -> 0.18761229 | J22: =_xlfn.NORM.DIST('DATA SIAP'!L21,$E$2,$E$3, FALSE) -> 0.032632392 | L22: =_xlfn.NORM.DIST('DATA SIAP'!I21,$B$5,$B$6, FALSE) -> 0.067266747 | M22: =_xlfn.NORM.DIST('DATA SIAP'!J21,$C$5,$C$6, FALSE) -> 0.065737562 | N22: =_xlfn.NORM.DIST('DATA SIAP'!K21,$D$5,$D$6, FALSE) -> 0.21939825 | O22: =_xlfn.NORM.DIST('DATA SIAP'!L21,$E$5,$E$6, FALSE) -> 0.032975172 | T22: =$R$2 * G22 * H22 * I22 * J22 -> 4.3238659e-05 | U22: =$R$3 * L22 * M22 * N22 * O22 -> 1.4643985e-05 | W22: =IF(T23>U23, "ANEMIA", "SEHAT") -> ANEMIA
A23: Skor Anemia | B23: =B19 * A15 * B15 * C15 * D15 -> 9.8153026e-05 | G23: =_xlfn.NORM.DIST('DATA SIAP'!I22,$B$2,$B$3, FALSE) -> 0.13632882 | H23: =_xlfn.NORM.DIST('DATA SIAP'!J22,$C$2,$C$3, FALSE) -> 0.066843499 | I23: =_xlfn.NORM.DIST('DATA SIAP'!K22,$D$2,$D$3, FALSE) -> 0.22939862 | J23: =_xlfn.NORM.DIST('DATA SIAP'!L22,$E$2,$E$3, FALSE) -> 0.0094910308 | L23: =_xlfn.NORM.DIST('DATA SIAP'!I22,$B$5,$B$6, FALSE) -> 5.9861366e-05 | M23: =_xlfn.NORM.DIST('DATA SIAP'!J22,$C$5,$C$6, FALSE) -> 0.065737562 | N23: =_xlfn.NORM.DIST('DATA SIAP'!K22,$D$5,$D$6, FALSE) -> 0.20362743 | O23: =_xlfn.NORM.DIST('DATA SIAP'!L22,$E$5,$E$6, FALSE) -> 0.01175409 | T23: =$R$2 * G23 * H23 * I23 * J23 -> 1.0758542e-05 | U23: =$R$3 * L23 * M23 * N23 * O23 -> 4.3113225e-09 | W23: =IF(T24>U24, "ANEMIA", "SEHAT") -> ANEMIA
G24: =_xlfn.NORM.DIST('DATA SIAP'!I23,$B$2,$B$3, FALSE) -> 0.1773673 | H24: =_xlfn.NORM.DIST('DATA SIAP'!J23,$C$2,$C$3, FALSE) -> 0.034463098 | I24: =_xlfn.NORM.DIST('DATA SIAP'!K23,$D$2,$D$3, FALSE) -> 0.0947022 | J24: =_xlfn.NORM.DIST('DATA SIAP'!L23,$E$2,$E$3, FALSE) -> 0.031298412 | L24: =_xlfn.NORM.DIST('DATA SIAP'!I23,$B$5,$B$6, FALSE) -> 0.00016067889 | M24: =_xlfn.NORM.DIST('DATA SIAP'!J23,$C$5,$C$6, FALSE) -> 0.036856326 | N24: =_xlfn.NORM.DIST('DATA SIAP'!K23,$D$5,$D$6, FALSE) -> 0.11764324 | O24: =_xlfn.NORM.DIST('DATA SIAP'!L23,$E$5,$E$6, FALSE) -> 0.031882438 | T24: =$R$2 * G24 * H24 * I24 * J24 -> 9.8245491e-06 | U24: =$R$3 * L24 * M24 * N24 * O24 -> 1.0167505e-08 | W24: =IF(T25>U25, "ANEMIA", "SEHAT") -> SEHAT
A25: Rumus Kesimpulan Otomatis | G25: =_xlfn.NORM.DIST('DATA SIAP'!I24,$B$2,$B$3, FALSE) -> 3.5242331e-09 | H25: =_xlfn.NORM.DIST('DATA SIAP'!J24,$C$2,$C$3, FALSE) -> 0.041637047 | I25: =_xlfn.NORM.DIST('DATA SIAP'!K24,$D$2,$D$3, FALSE) -> 0.067385222 | J25: =_xlfn.NORM.DIST('DATA SIAP'!L24,$E$2,$E$3, FALSE) -> 0.027439449 | L25: =_xlfn.NORM.DIST('DATA SIAP'!I24,$B$5,$B$6, FALSE) -> 0.00034591014 | M25: =_xlfn.NORM.DIST('DATA SIAP'!J24,$C$5,$C$6, FALSE) -> 0.044009141 | N25: =_xlfn.NORM.DIST('DATA SIAP'!K24,$D$5,$D$6, FALSE) -> 0.085159033 | O25: =_xlfn.NORM.DIST('DATA SIAP'!L24,$E$5,$E$6, FALSE) -> 0.025696962 | T25: =$R$2 * G25 * H25 * I25 * J25 -> 1.4712517e-13 | U25: =$R$3 * L25 * M25 * N25 * O25 -> 1.5249082e-08 | W25: =IF(T26>U26, "ANEMIA", "SEHAT") -> SEHAT
A26: =IF(B22 > B23, "POSITIF ANEMIA", "SEHAT") -> SEHAT | G26: =_xlfn.NORM.DIST('DATA SIAP'!I25,$B$2,$B$3, FALSE) -> 0.020914817 | H26: =_xlfn.NORM.DIST('DATA SIAP'!J25,$C$2,$C$3, FALSE) -> 0.023677135 | I26: =_xlfn.NORM.DIST('DATA SIAP'!K25,$D$2,$D$3, FALSE) -> 0.24378919 | J26: =_xlfn.NORM.DIST('DATA SIAP'!L25,$E$2,$E$3, FALSE) -> 0.032103346 | L26: =_xlfn.NORM.DIST('DATA SIAP'!I25,$B$5,$B$6, FALSE) -> 0.31133554 | M26: =_xlfn.NORM.DIST('DATA SIAP'!J25,$C$5,$C$6, FALSE) -> 0.026562169 | N26: =_xlfn.NORM.DIST('DATA SIAP'!K25,$D$5,$D$6, FALSE) -> 0.27158358 | O26: =_xlfn.NORM.DIST('DATA SIAP'!L25,$E$5,$E$6, FALSE) -> 0.032543691 | T26: =$R$2 * G26 * H26 * I26 * J26 -> 2.1016013e-06 | U26: =$R$3 * L26 * M26 * N26 * O26 -> 3.3457044e-05 | W26: =IF(T27>U27, "ANEMIA", "SEHAT") -> SEHAT
G27: =_xlfn.NORM.DIST('DATA SIAP'!I26,$B$2,$B$3, FALSE) -> 0.0042433148 | H27: =_xlfn.NORM.DIST('DATA SIAP'!J26,$C$2,$C$3, FALSE) -> 0.075082729 | I27: =_xlfn.NORM.DIST('DATA SIAP'!K26,$D$2,$D$3, FALSE) -> 0.0947022 | J27: =_xlfn.NORM.DIST('DATA SIAP'!L26,$E$2,$E$3, FALSE) -> 0.015843515 | L27: =_xlfn.NORM.DIST('DATA SIAP'!I26,$B$5,$B$6, FALSE) -> 0.30692698 | M27: =_xlfn.NORM.DIST('DATA SIAP'!J26,$C$5,$C$6, FALSE) -> 0.073309935 | N27: =_xlfn.NORM.DIST('DATA SIAP'!K26,$D$5,$D$6, FALSE) -> 0.11764324 | O27: =_xlfn.NORM.DIST('DATA SIAP'!L26,$E$5,$E$6, FALSE) -> 0.015424376 | T27: =$R$2 * G27 * H27 * I27 * J27 -> 2.5921449e-07 | U27: =$R$3 * L27 * M27 * N27 * O27 -> 1.8689493e-05 | W27: =IF(T28>U28, "ANEMIA", "SEHAT") -> SEHAT
G28: =_xlfn.NORM.DIST('DATA SIAP'!I27,$B$2,$B$3, FALSE) -> 0.0042433148 | H28: =_xlfn.NORM.DIST('DATA SIAP'!J27,$C$2,$C$3, FALSE) -> 0.086886906 | I28: =_xlfn.NORM.DIST('DATA SIAP'!K27,$D$2,$D$3, FALSE) -> 0.24378919 | J28: =_xlfn.NORM.DIST('DATA SIAP'!L27,$E$2,$E$3, FALSE) -> 0.041422841 | L28: =_xlfn.NORM.DIST('DATA SIAP'!I27,$B$5,$B$6, FALSE) -> 0.30692698 | M28: =_xlfn.NORM.DIST('DATA SIAP'!J27,$C$5,$C$6, FALSE) -> 0.08315798 | N28: =_xlfn.NORM.DIST('DATA SIAP'!K27,$D$5,$D$6, FALSE) -> 0.27158358 | O28: =_xlfn.NORM.DIST('DATA SIAP'!L27,$E$5,$E$6, FALSE) -> 0.039625073 | T28: =$R$2 * G28 * H28 * I28 * J28 -> 2.0189069e-06 | U28: =$R$3 * L28 * M28 * N28 * O28 -> 0.00012572962 | W28: =IF(T29>U29, "ANEMIA", "SEHAT") -> SEHAT
G29: =_xlfn.NORM.DIST('DATA SIAP'!I28,$B$2,$B$3, FALSE) -> 0.0021201251 | H29: =_xlfn.NORM.DIST('DATA SIAP'!J28,$C$2,$C$3, FALSE) -> 0.095153179 | I29: =_xlfn.NORM.DIST('DATA SIAP'!K28,$D$2,$D$3, FALSE) -> 0.2183487 | J29: =_xlfn.NORM.DIST('DATA SIAP'!L28,$E$2,$E$3, FALSE) -> 0.032103346 | L29: =_xlfn.NORM.DIST('DATA SIAP'!I28,$B$5,$B$6, FALSE) -> 0.27340634 | M29: =_xlfn.NORM.DIST('DATA SIAP'!J28,$C$5,$C$6, FALSE) -> 0.089582948 | N29: =_xlfn.NORM.DIST('DATA SIAP'!K28,$D$5,$D$6, FALSE) -> 0.19067592 | O29: =_xlfn.NORM.DIST('DATA SIAP'!L28,$E$5,$E$6, FALSE) -> 0.032543691 | T29: =$R$2 * G29 * H29 * I29 * J29 -> 7.6681052e-07 | U29: =$R$3 * L29 * M29 * N29 * O29 -> 6.9569939e-05 | W29: =IF(T30>U30, "ANEMIA", "SEHAT") -> ANEMIA
G30: =_xlfn.NORM.DIST('DATA SIAP'!I29,$B$2,$B$3, FALSE) -> 0.30370403 | H30: =_xlfn.NORM.DIST('DATA SIAP'!J29,$C$2,$C$3, FALSE) -> 0.10298717 | I30: =_xlfn.NORM.DIST('DATA SIAP'!K29,$D$2,$D$3, FALSE) -> 0.22939862 | J30: =_xlfn.NORM.DIST('DATA SIAP'!L29,$E$2,$E$3, FALSE) -> 0.020989885 | L30: =_xlfn.NORM.DIST('DATA SIAP'!I29,$B$5,$B$6, FALSE) -> 0.0072709963 | M30: =_xlfn.NORM.DIST('DATA SIAP'!J29,$C$5,$C$6, FALSE) -> 0.09620297 | N30: =_xlfn.NORM.DIST('DATA SIAP'!K29,$D$5,$D$6, FALSE) -> 0.20362743 | O30: =_xlfn.NORM.DIST('DATA SIAP'!L29,$E$5,$E$6, FALSE) -> 0.022937845 | T30: =$R$2 * G30 * H30 * I30 * J30 -> 8.1665177e-05 | U30: =$R$3 * L30 * M30 * N30 * O30 -> 1.495534e-06 | W30: =IF(T31>U31, "ANEMIA", "SEHAT") -> SEHAT
G31: =_xlfn.NORM.DIST('DATA SIAP'!I30,$B$2,$B$3, FALSE) -> 0.034567812 | H31: =_xlfn.NORM.DIST('DATA SIAP'!J30,$C$2,$C$3, FALSE) -> 0.038754809 | I31: =_xlfn.NORM.DIST('DATA SIAP'!K30,$D$2,$D$3, FALSE) -> 0.22939862 | J31: =_xlfn.NORM.DIST('DATA SIAP'!L30,$E$2,$E$3, FALSE) -> 0.013968091 | L31: =_xlfn.NORM.DIST('DATA SIAP'!I30,$B$5,$B$6, FALSE) -> 0.28031571 | M31: =_xlfn.NORM.DIST('DATA SIAP'!J30,$C$5,$C$6, FALSE) -> 0.041357121 | N31: =_xlfn.NORM.DIST('DATA SIAP'!K30,$D$5,$D$6, FALSE) -> 0.20362743 | O31: =_xlfn.NORM.DIST('DATA SIAP'!L30,$E$5,$E$6, FALSE) -> 0.013735882 | T31: =$R$2 * G31 * H31 * I31 * J31 -> 2.327704e-06 | U31: =$R$3 * L31 * M31 * N31 * O31 -> 1.4842791e-05 | W31: =IF(T32>U32, "ANEMIA", "SEHAT") -> ANEMIA
G32: =_xlfn.NORM.DIST('DATA SIAP'!I31,$B$2,$B$3, FALSE) -> 0.30216375 | H32: =_xlfn.NORM.DIST('DATA SIAP'!J31,$C$2,$C$3, FALSE) -> 0.10298717 | I32: =_xlfn.NORM.DIST('DATA SIAP'!K31,$D$2,$D$3, FALSE) -> 0.28106392 | J32: =_xlfn.NORM.DIST('DATA SIAP'!L31,$E$2,$E$3, FALSE) -> 0.043030505 | L32: =_xlfn.NORM.DIST('DATA SIAP'!I31,$B$5,$B$6, FALSE) -> 0.0090798586 | M32: =_xlfn.NORM.DIST('DATA SIAP'!J31,$C$5,$C$6, FALSE) -> 0.09620297 | N32: =_xlfn.NORM.DIST('DATA SIAP'!K31,$D$5,$D$6, FALSE) -> 0.27715 | O32: =_xlfn.NORM.DIST('DATA SIAP'!L31,$E$5,$E$6, FALSE) -> 0.04045075 | T32: =$R$2 * G32 * H32 * I32 * J32 -> 0.00020408421 | U32: =$R$3 * L32 * M32 * N32 * O32 -> 4.4826418e-06 | W32: =IF(T33>U33, "ANEMIA", "SEHAT") -> SEHAT
G33: =_xlfn.NORM.DIST('DATA SIAP'!I32,$B$2,$B$3, FALSE) -> 0.0065464561 | H33: =_xlfn.NORM.DIST('DATA SIAP'!J32,$C$2,$C$3, FALSE) -> 0.021620445 | I33: =_xlfn.NORM.DIST('DATA SIAP'!K32,$D$2,$D$3, FALSE) -> 0.28223011 | J33: =_xlfn.NORM.DIST('DATA SIAP'!L32,$E$2,$E$3, FALSE) -> 0.04058919 | L33: =_xlfn.NORM.DIST('DATA SIAP'!I32,$B$5,$B$6, FALSE) -> 0.32062919 | M33: =_xlfn.NORM.DIST('DATA SIAP'!J32,$C$5,$C$6, FALSE) -> 0.02453792 | N33: =_xlfn.NORM.DIST('DATA SIAP'!K32,$D$5,$D$6, FALSE) -> 0.29338305 | O33: =_xlfn.NORM.DIST('DATA SIAP'!L32,$E$5,$E$6, FALSE) -> 0.039065566 | T33: =$R$2 * G33 * H33 * I33 * J33 -> 8.7919863e-07 | U33: =$R$3 * L33 * M33 * N33 * O33 -> 4.127575e-05 | W33: =IF(T34>U34, "ANEMIA", "SEHAT") -> ANEMIA
G34: =_xlfn.NORM.DIST('DATA SIAP'!I33,$B$2,$B$3, FALSE) -> 0.27939585 | H34: =_xlfn.NORM.DIST('DATA SIAP'!J33,$C$2,$C$3, FALSE) -> 0.024752555 | I34: =_xlfn.NORM.DIST('DATA SIAP'!K33,$D$2,$D$3, FALSE) -> 0.28106392 | J34: =_xlfn.NORM.DIST('DATA SIAP'!L33,$E$2,$E$3, FALSE) -> 0.038694973 | L34: =_xlfn.NORM.DIST('DATA SIAP'!I33,$B$5,$B$6, FALSE) -> 0.020653188 | M34: =_xlfn.NORM.DIST('DATA SIAP'!J33,$C$5,$C$6, FALSE) -> 0.027611663 | N34: =_xlfn.NORM.DIST('DATA SIAP'!K33,$D$5,$D$6, FALSE) -> 0.27715 | O34: =_xlfn.NORM.DIST('DATA SIAP'!L33,$E$5,$E$6, FALSE) -> 0.035764491 | T34: =$R$2 * G34 * H34 * I34 * J34 -> 4.0785145e-05 | U34: =$R$3 * L34 * M34 * N34 * O34 -> 2.5874479e-06 | W34: =IF(T35>U35, "ANEMIA", "SEHAT") -> ANEMIA
G35: =_xlfn.NORM.DIST('DATA SIAP'!I34,$B$2,$B$3, FALSE) -> 0.27939585 | H35: =_xlfn.NORM.DIST('DATA SIAP'!J34,$C$2,$C$3, FALSE) -> 0.098946481 | I35: =_xlfn.NORM.DIST('DATA SIAP'!K34,$D$2,$D$3, FALSE) -> 0.17033125 | J35: =_xlfn.NORM.DIST('DATA SIAP'!L34,$E$2,$E$3, FALSE) -> 0.020199987 | L35: =_xlfn.NORM.DIST('DATA SIAP'!I34,$B$5,$B$6, FALSE) -> 0.020653188 | M35: =_xlfn.NORM.DIST('DATA SIAP'!J34,$C$5,$C$6, FALSE) -> 0.092988737 | N35: =_xlfn.NORM.DIST('DATA SIAP'!K34,$D$5,$D$6, FALSE) -> 0.13886633 | O35: =_xlfn.NORM.DIST('DATA SIAP'!L34,$E$5,$E$6, FALSE) -> 0.019306996 | T35: =$R$2 * G35 * H35 * I35 * J35 -> 5.157843e-05 | U35: =$R$3 * L35 * M35 * N35 * O35 -> 2.3569705e-06 | W35: =IF(T36>U36, "ANEMIA", "SEHAT") -> SEHAT
G36: =_xlfn.NORM.DIST('DATA SIAP'!I35,$B$2,$B$3, FALSE) -> 0.0042433148 | H36: =_xlfn.NORM.DIST('DATA SIAP'!J35,$C$2,$C$3, FALSE) -> 0.031855632 | I36: =_xlfn.NORM.DIST('DATA SIAP'!K35,$D$2,$D$3, FALSE) -> 0.25802048 | J36: =_xlfn.NORM.DIST('DATA SIAP'!L35,$E$2,$E$3, FALSE) -> 0.022639147 | L36: =_xlfn.NORM.DIST('DATA SIAP'!I35,$B$5,$B$6, FALSE) -> 0.30692698 | M36: =_xlfn.NORM.DIST('DATA SIAP'!J35,$C$5,$C$6, FALSE) -> 0.034410631 | N36: =_xlfn.NORM.DIST('DATA SIAP'!K35,$D$5,$D$6, FALSE) -> 0.24006849 | O36: =_xlfn.NORM.DIST('DATA SIAP'!L35,$E$5,$E$6, FALSE) -> 0.024428366 | T36: =$R$2 * G36 * H36 * I36 * J36 -> 4.2816198e-07 | U36: =$R$3 * L36 * M36 * N36 * O36 -> 2.8351908e-05 | W36: =IF(T37>U37, "ANEMIA", "SEHAT") -> SEHAT
G37: =_xlfn.NORM.DIST('DATA SIAP'!I36,$B$2,$B$3, FALSE) -> 0.024872091 | H37: =_xlfn.NORM.DIST('DATA SIAP'!J36,$C$2,$C$3, FALSE) -> 0.023805818 | I37: =_xlfn.NORM.DIST('DATA SIAP'!K36,$D$2,$D$3, FALSE) -> 0.0947022 | J37: =_xlfn.NORM.DIST('DATA SIAP'!L36,$E$2,$E$3, FALSE) -> 0.042104064 | L37: =_xlfn.NORM.DIST('DATA SIAP'!I36,$B$5,$B$6, FALSE) -> 0.30264828 | M37: =_xlfn.NORM.DIST('DATA SIAP'!J36,$C$5,$C$6, FALSE) -> 0.027108054 | N37: =_xlfn.NORM.DIST('DATA SIAP'!K36,$D$5,$D$6, FALSE) -> 0.11764324 | O37: =_xlfn.NORM.DIST('DATA SIAP'!L36,$E$5,$E$6, FALSE) -> 0.039076279 | T37: =$R$2 * G37 * H37 * I37 * J37 -> 1.280212e-06 | U37: =$R$3 * L37 * M37 * N37 * O37 -> 1.7264013e-05 | W37: =IF(T38>U38, "ANEMIA", "SEHAT") -> ANEMIA
G38: =_xlfn.NORM.DIST('DATA SIAP'!I37,$B$2,$B$3, FALSE) -> 0.18082758 | H38: =_xlfn.NORM.DIST('DATA SIAP'!J37,$C$2,$C$3, FALSE) -> 0.10158124 | I38: =_xlfn.NORM.DIST('DATA SIAP'!K37,$D$2,$D$3, FALSE) -> 0.26561722 | J38: =_xlfn.NORM.DIST('DATA SIAP'!L37,$E$2,$E$3, FALSE) -> 0.020989885 | L38: =_xlfn.NORM.DIST('DATA SIAP'!I37,$B$5,$B$6, FALSE) -> 0.077525828 | M38: =_xlfn.NORM.DIST('DATA SIAP'!J37,$C$5,$C$6, FALSE) -> 0.094913533 | N38: =_xlfn.NORM.DIST('DATA SIAP'!K37,$D$5,$D$6, FALSE) -> 0.2508769 | O38: =_xlfn.NORM.DIST('DATA SIAP'!L37,$E$5,$E$6, FALSE) -> 0.022937845 | T38: =$R$2 * G38 * H38 * I38 * J38 -> 5.5532449e-05 | U38: =$R$3 * L38 * M38 * N38 * O38 -> 1.9382636e-05 | W38: =IF(T39>U39, "ANEMIA", "SEHAT") -> ANEMIA
... G427: =_xlfn.NORM.DIST('DATA SIAP'!I426,$B$2,$B$3, FALSE) -> 0.1773673 | H427: =_xlfn.NORM.DIST('DATA SIAP'!J426,$C$2,$C$3, FALSE) -> 0.088217961 | I427: =_xlfn.NORM.DIST('DATA SIAP'!K426,$D$2,$D$3, FALSE) -> 0.28106392 | J427: =_xlfn.NORM.DIST('DATA SIAP'!L426,$E$2,$E$3, FALSE) -> 0.03887232 | L427: =_xlfn.NORM.DIST('DATA SIAP'!I426,$B$5,$B$6, FALSE) -> 0.00016067889 | M427: =_xlfn.NORM.DIST('DATA SIAP'!J426,$C$5,$C$6, FALSE) -> 0.084254862 | N427: =_xlfn.NORM.DIST('DATA SIAP'!K426,$D$5,$D$6, FALSE) -> 0.27715 | O427: =_xlfn.NORM.DIST('DATA SIAP'!L426,$E$5,$E$6, FALSE) -> 0.037838035 | T427: =$R$2 * G427 * H427 * I427 * J427 -> 9.2699738e-05 | U427: =$R$3 * L427 * M427 * N427 * O427 -> 6.4986368e-08 | W427: =IF(T428>U428, "ANEMIA", "SEHAT") -> SEHAT
G428: =_xlfn.NORM.DIST('DATA SIAP'!I427,$B$2,$B$3, FALSE) -> 0.040399244 | H428: =_xlfn.NORM.DIST('DATA SIAP'!J427,$C$2,$C$3, FALSE) -> 0.10298717 | I428: =_xlfn.NORM.DIST('DATA SIAP'!K427,$D$2,$D$3, FALSE) -> 0.11583575 | J428: =_xlfn.NORM.DIST('DATA SIAP'!L427,$E$2,$E$3, FALSE) -> 0.043084629 | L428: =_xlfn.NORM.DIST('DATA SIAP'!I427,$B$5,$B$6, FALSE) -> 0.26708356 | M428: =_xlfn.NORM.DIST('DATA SIAP'!J427,$C$5,$C$6, FALSE) -> 0.09620297 | N428: =_xlfn.NORM.DIST('DATA SIAP'!K427,$D$5,$D$6, FALSE) -> 0.14202208 | O428: =_xlfn.NORM.DIST('DATA SIAP'!L427,$E$5,$E$6, FALSE) -> 0.040321438 | T428: =$R$2 * G428 * H428 * I428 * J428 -> 1.125962e-05 | U428: =$R$3 * L428 * M428 * N428 * O428 -> 6.7352318e-05

Sheet DATA TESTING 20%
A1: Gender | B1: Hemoglobin | C1: MCH | D1: MCHC | E1: MCV | F1: Result | H1: Gender | I1: Hemoglobin | J1: MCH | K1: MCHC | L1: MCV | M1: Result | O1: STATISTIK | P1: HEMOGLOBIN | Q1: MCH | R1: MCHC | S1: MCV | U1: Kecocokan Data Sehat | Z1: Kecocokan Data Anemia | AE1: Peluang Awal (Prior) | AH1: Peluang Awal (Prior) | AK1: Rumus Kesimpulan Otomatis | AM1: TN | AN1: Pasien Sehat, Ditebak Benar.
A2: 1 | B2: 15 | C2: 20.8 | D2: 32.3 | E2: 88.7 | F2: 0 | H2: 1 | I2: 15 | J2: 20.8 | K2: 32.3 | L2: 88.7 | M2: 0 | O2: MEAN (SEHAT/0) | P2: =AVERAGE(B2:B57) -> 14.689286 | Q2: =AVERAGE(C2:C57) -> 23.407143 | R2: =AVERAGE(D2:D57) -> 30.505357 | S2: =AVERAGE(E2:E57) -> 85.603571 | U2: LL HB | V2: LL MCH | W2: LL MCHC | X2: LL MCV | Z2: LL HB | AA2: LL MCH | AB2: LL MCHC | AC2: LL MCV | AE2: Prior Sehat (P0) | AF2: =COUNTIF(F:F, 0) / COUNT(F:F) -> 0.51851852 | AH2: Prior Sehat (P0) | AI2: Prior Anemia (P1) | AK2: =IF(AH3>AI3, "ANEMIA", "SEHAT") -> ANEMIA | AM2: FP | AN2: Pasien Sehat, Dituduh Sakit.
A3: 0 | B3: 16.4 | C3: 27.2 | D3: 31.4 | E3: 70.6 | F3: 0 | H3: 1 | I3: 11.6 | J3: 18 | K3: 32.2 | L3: 98.9 | M3: 1 | O3: STDEV (SEHAT/0) | P3: =_xlfn.STDEV.S(B2:B57) -> 1.3603046 | Q3: =_xlfn.STDEV.S(C2:C57) -> 3.7683783 | R3: =_xlfn.STDEV.S(D2:D57) -> 1.537107 | S3: =_xlfn.STDEV.S(E2:E57) -> 10.149858 | U3: =_xlfn.NORM.DIST(I2,$P$2,$P$3,FALSE) -> 0.28572258 | V3: =_xlfn.NORM.DIST(J2,$Q$2,$Q$3,FALSE) -> 0.083333077 | W3: =_xlfn.NORM.DIST(K2,$R$2,$R$3,FALSE) -> 0.13128008 | X3: =_xlfn.NORM.DIST(L2,$S$2,$S$3,FALSE) -> 0.037518075 | Z3: =_xlfn.NORM.DIST(I2,$P$5,$P$6,FALSE) -> 0.0010696573 | AA3: =_xlfn.NORM.DIST(J2,$Q$5,$Q$6,FALSE) -> 0.092716649 | AB3: =_xlfn.NORM.DIST(K2,$R$5,$R$6,FALSE) -> 0.091663176 | AC3: =_xlfn.NORM.DIST(L2,$S$5,$S$6,FALSE) -> 0.040097816 | AE3: Prior Anemia (P1) | AF3: =COUNTIF(F:F, 1) / COUNT(F:F) -> 0.48148148 | AH3: =$AF$2 * U3 * V3 * W3 * X3 -> 6.0808688e-05 | AI3: =$AF$3 * Z3 * AA3 * AB3 * AC3 -> 1.7550827e-07 | AK3: =IF(AH4>AI4, "ANEMIA", "SEHAT") -> SEHAT | AM3: FN | AN3: Pasien Sakit, Lolos Deteksi.
A4: 0 | B4: 15.5 | C4: 19.3 | D4: 32.5 | E4: 97.5 | F4: 0 | H4: 1 | I4: 11.2 | J4: 27.8 | K4: 32.2 | L4: 95.8 | M4: 1 | U4: =_xlfn.NORM.DIST(I3,$P$2,$P$3,FALSE) -> 0.022249752 | V4: =_xlfn.NORM.DIST(J3,$Q$2,$Q$3,FALSE) -> 0.037816378 | W4: =_xlfn.NORM.DIST(K3,$R$2,$R$3,FALSE) -> 0.14134083 | X4: =_xlfn.NORM.DIST(L3,$S$2,$S$3,FALSE) -> 0.016664693 | Z4: =_xlfn.NORM.DIST(I3,$P$5,$P$6,FALSE) -> 0.42306812 | AA4: =_xlfn.NORM.DIST(J3,$Q$5,$Q$6,FALSE) -> 0.05515609 | AB4: =_xlfn.NORM.DIST(K3,$R$5,$R$6,FALSE) -> 0.10095778 | AC4: =_xlfn.NORM.DIST(L3,$S$5,$S$6,FALSE) -> 0.018572322 | AH4: =$AF$2 * U4 * V4 * W4 * X4 -> 1.0276241e-06 | AI4: =$AF$3 * Z4 * AA4 * AB4 * AC4 -> 2.1066353e-05 | AK4: =IF(AH5>AI5, "ANEMIA", "SEHAT") -> SEHAT | AM4: TP | AN4: Pasien Sakit, Ditebak Benar.
A5: 0 | B5: 13.3 | C5: 19.1 | D5: 30.9 | E5: 97.9 | F5: 0 | H5: 0 | I5: 11.7 | J5: 16.8 | K5: 32.2 | L5: 73.6 | M5: 1 | O5: MEAN (ANEMIA/1) | P5: =AVERAGE(B58:B109) -> 11.865385 | Q5: =AVERAGE(C58:C109) -> 22.351923 | R5: =AVERAGE(D58:D109) -> 30.123077 | S5: =AVERAGE(E58:E109) -> 86.653846 | U5: =_xlfn.NORM.DIST(I4,$P$2,$P$3,FALSE) -> 0.010927676 | V5: =_xlfn.NORM.DIST(J4,$Q$2,$Q$3,FALSE) -> 0.053663101 | W5: =_xlfn.NORM.DIST(K4,$R$2,$R$3,FALSE) -> 0.14134083 | X5: =_xlfn.NORM.DIST(L4,$S$2,$S$3,FALSE) -> 0.02373043 | Z5: =_xlfn.NORM.DIST(I4,$P$5,$P$6,FALSE) -> 0.33673729 | AA5: =_xlfn.NORM.DIST(J4,$Q$5,$Q$6,FALSE) -> 0.039356226 | AB5: =_xlfn.NORM.DIST(K4,$R$5,$R$6,FALSE) -> 0.10095778 | AC5: =_xlfn.NORM.DIST(L4,$S$5,$S$6,FALSE) -> 0.026358391 | AH5: =$AF$2 * U5 * V5 * W5 * X5 -> 1.0198613e-06 | AI5: =$AF$3 * Z5 * AA5 * AB5 * AC5 -> 1.6980205e-05 | AK5: =IF(AH6>AI6, "ANEMIA", "SEHAT") -> SEHAT
A6: 1 | B6: 16.1 | C6: 21.9 | D6: 32.5 | E6: 100.7 | F6: 0 | H6: 0 | I6: 16.4 | J6: 27.2 | K6: 31.4 | L6: 70.6 | M6: 0 | O6: STDEV (ANEMIA/1) | P6: =_xlfn.STDEV.S(B58:B109) -> 0.90312847 | Q6: =_xlfn.STDEV.S(C58:C109) -> 3.9892252 | R6: =_xlfn.STDEV.S(D58:D109) -> 1.4839818 | S6: =_xlfn.STDEV.S(E58:E109) -> 9.7317242 | U6: =_xlfn.NORM.DIST(I5,$P$2,$P$3,FALSE) -> 0.026221469 | V6: =_xlfn.NORM.DIST(J5,$Q$2,$Q$3,FALSE) -> 0.022762639 | W6: =_xlfn.NORM.DIST(K5,$R$2,$R$3,FALSE) -> 0.14134083 | X6: =_xlfn.NORM.DIST(L5,$S$2,$S$3,FALSE) -> 0.019531821 | Z6: =_xlfn.NORM.DIST(I5,$P$5,$P$6,FALSE) -> 0.4343888 | AA6: =_xlfn.NORM.DIST(J5,$Q$5,$Q$6,FALSE) -> 0.03796877 | AB6: =_xlfn.NORM.DIST(K5,$R$5,$R$6,FALSE) -> 0.10095778 | AC6: =_xlfn.NORM.DIST(L5,$S$5,$S$6,FALSE) -> 0.016672964 | AH6: =$AF$2 * U6 * V6 * W6 * X6 -> 8.5438626e-07 | AI6: =$AF$3 * Z6 * AA6 * AB6 * AC6 -> 1.3367104e-05 | AK6: =IF(AH7>AI7, "ANEMIA", "SEHAT") -> ANEMIA
A7: 0 | B7: 15.8 | C7: 25.5 | D7: 28.9 | E7: 72.6 | F7: 0 | H7: 0 | I7: 15.5 | J7: 19.3 | K7: 32.5 | L7: 97.5 | M7: 0 | U7: =_xlfn.NORM.DIST(I6,$P$2,$P$3,FALSE) -> 0.13299794 | V7: =_xlfn.NORM.DIST(J6,$Q$2,$Q$3,FALSE) -> 0.063793738 | W7: =_xlfn.NORM.DIST(K6,$R$2,$R$3,FALSE) -> 0.21910148 | X7: =_xlfn.NORM.DIST(L6,$S$2,$S$3,FALSE) -> 0.013181469 | Z7: =_xlfn.NORM.DIST(I6,$P$5,$P$6,FALSE) -> 1.4817163e-06 | AA7: =_xlfn.NORM.DIST(J6,$Q$5,$Q$6,FALSE) -> 0.047786891 | AB7: =_xlfn.NORM.DIST(K6,$R$5,$R$6,FALSE) -> 0.18565365 | AC7: =_xlfn.NORM.DIST(L6,$S$5,$S$6,FALSE) -> 0.010514642 | AH7: =$AF$2 * U7 * V7 * W7 * X7 -> 1.2705635e-05 | AI7: =$AF$3 * Z7 * AA7 * AB7 * AC7 -> 6.6550514e-11 | AK7: =IF(AH8>AI8, "ANEMIA", "SEHAT") -> ANEMIA | AM7: TN | AN7: FP | AO7: FN | AP7: TP
A8: 1 | B8: 16.8 | C8: 22.7 | D8: 32 | E8: 94.3 | F8: 0 | H8: 0 | I8: 13.3 | J8: 19.1 | K8: 30.9 | L8: 97.9 | M8: 0 | U8: =_xlfn.NORM.DIST(I7,$P$2,$P$3,FALSE) -> 0.24555281 | V8: =_xlfn.NORM.DIST(J7,$Q$2,$Q$3,FALSE) -> 0.05845368 | W8: =_xlfn.NORM.DIST(K7,$R$2,$R$3,FALSE) -> 0.11182705 | X8: =_xlfn.NORM.DIST(L7,$S$2,$S$3,FALSE) -> 0.019776082 | Z8: =_xlfn.NORM.DIST(I7,$P$5,$P$6,FALSE) -> 0.00013432663 | AA8: =_xlfn.NORM.DIST(J7,$Q$5,$Q$6,FALSE) -> 0.074632452 | AB8: =_xlfn.NORM.DIST(K7,$R$5,$R$6,FALSE) -> 0.074539911 | AC8: =_xlfn.NORM.DIST(L7,$S$5,$S$6,FALSE) -> 0.022028866 | AH8: =$AF$2 * U8 * V8 * W8 * X8 -> 1.6459179e-05 | AI8: =$AF$3 * Z8 * AA8 * AB8 * AC8 -> 7.9259332e-09 | AK8: =IF(AH9>AI9, "ANEMIA", "SEHAT") -> ANEMIA | AM8: =COUNTIFS(F:F, 0, AK:AK, "SEHAT") -> 28 | AN8: =COUNTIFS(F:F, 0, AK:AK, "ANEMIA") -> 28 | AO8: =COUNTIFS(F:F, 1, AK:AK, "SEHAT") -> 25 | AP8: =COUNTIFS(F:F, 1, AK:AK, "ANEMIA") -> 27
A9: 0 | B9: 12.5 | C9: 29.7 | D9: 30.6 | E9: 90.5 | F9: 0 | H9: 1 | I9: 16.1 | J9: 21.9 | K9: 32.5 | L9: 100.7 | M9: 0 | U9: =_xlfn.NORM.DIST(I8,$P$2,$P$3,FALSE) -> 0.17409067 | V9: =_xlfn.NORM.DIST(J8,$Q$2,$Q$3,FALSE) -> 0.055090756 | W9: =_xlfn.NORM.DIST(K8,$R$2,$R$3,FALSE) -> 0.25112628 | X9: =_xlfn.NORM.DIST(L8,$S$2,$S$3,FALSE) -> 0.018868725 | Z9: =_xlfn.NORM.DIST(I8,$P$5,$P$6,FALSE) -> 0.12509187 | AA9: =_xlfn.NORM.DIST(J8,$Q$5,$Q$6,FALSE) -> 0.071733888 | AB9: =_xlfn.NORM.DIST(K8,$R$5,$R$6,FALSE) -> 0.23440281 | AC9: =_xlfn.NORM.DIST(L8,$S$5,$S$6,FALSE) -> 0.021024731 | AH9: =$AF$2 * U9 * V9 * W9 * X9 -> 2.3564228e-05 | AI9: =$AF$3 * Z9 * AA9 * AB9 * AC9 -> 2.1292483e-05 | AK9: =IF(AH10>AI10, "ANEMIA", "SEHAT") -> ANEMIA
A10: 1 | B10: 14.8 | C10: 29.6 | D10: 31.7 | E10: 91.6 | F10: 0 | H10: 0 | I10: 11.1 | J10: 24.7 | K10: 32.1 | L10: 96.7 | M10: 1 | U10: =_xlfn.NORM.DIST(I9,$P$2,$P$3,FALSE) -> 0.17129099 | V10: =_xlfn.NORM.DIST(J9,$Q$2,$Q$3,FALSE) -> 0.097728587 | W10: =_xlfn.NORM.DIST(K9,$R$2,$R$3,FALSE) -> 0.11182705 | X10: =_xlfn.NORM.DIST(L9,$S$2,$S$3,FALSE) -> 0.013003865 | Z10: =_xlfn.NORM.DIST(I9,$P$5,$P$6,FALSE) -> 7.4327915e-06 | AA10: =_xlfn.NORM.DIST(J9,$Q$5,$Q$6,FALSE) -> 0.099365291 | AB10: =_xlfn.NORM.DIST(K9,$R$5,$R$6,FALSE) -> 0.074539911 | AC10: =_xlfn.NORM.DIST(L9,$S$5,$S$6,FALSE) -> 0.014466207 | AH10: =$AF$2 * U10 * V10 * W10 * X10 -> 1.2622335e-05 | AI10: =$AF$3 * Z10 * AA10 * AB10 * AC10 -> 3.8345092e-10 | AK10: =IF(AH11>AI11, "ANEMIA", "SEHAT") -> SEHAT | AM10: Rumus Akurasi | AN10: Rumus Presisi | AO10: Rumus Recall | AP10: Rumus F1-Score
A11: 0 | B11: 14.8 | C11: 16.2 | D11: 28.9 | E11: 75.8 | F11: 0 | H11: 1 | I11: 10.8 | J11: 19.8 | K11: 30.8 | L11: 99.6 | M11: 1 | U11: =_xlfn.NORM.DIST(I10,$P$2,$P$3,FALSE) -> 0.0090252863 | V11: =_xlfn.NORM.DIST(J10,$Q$2,$Q$3,FALSE) -> 0.099815139 | W11: =_xlfn.NORM.DIST(K10,$R$2,$R$3,FALSE) -> 0.15152988 | X11: =_xlfn.NORM.DIST(L10,$S$2,$S$3,FALSE) -> 0.021622812 | Z11: =_xlfn.NORM.DIST(I10,$P$5,$P$6,FALSE) -> 0.30846082 | AA11: =_xlfn.NORM.DIST(J10,$Q$5,$Q$6,FALSE) -> 0.08409877 | AB11: =_xlfn.NORM.DIST(K10,$R$5,$R$6,FALSE) -> 0.11069106 | AC11: =_xlfn.NORM.DIST(L10,$S$5,$S$6,FALSE) -> 0.02406104 | AH11: =$AF$2 * U11 * V11 * W11 * X11 -> 1.5304958e-06 | AI11: =$AF$3 * Z11 * AA11 * AB11 * AC11 -> 3.3265664e-05 | AK11: =IF(AH12>AI12, "ANEMIA", "SEHAT") -> SEHAT | AM11: =(AM8+AP8) / COUNT(M:M) -> 0.50925926 | AN11: =AP8 / (AP8 + AN8) -> 0.49090909 | AO11: =AP8 / (AP8 + AO8) -> 0.51923077 | AP11: =2 * (AN11 * AO11) / (AN11 + AO11) -> 0.5046729
A12: 1 | B12: 15.5 | C12: 23.1 | D12: 29.1 | E12: 72.9 | F12: 0 | H12: 0 | I12: 10.9 | J12: 28.6 | K12: 28.6 | L12: 84.8 | M12: 1 | U12: =_xlfn.NORM.DIST(I11,$P$2,$P$3,FALSE) -> 0.0049224187 | V12: =_xlfn.NORM.DIST(J11,$Q$2,$Q$3,FALSE) -> 0.066956495 | W12: =_xlfn.NORM.DIST(K11,$R$2,$R$3,FALSE) -> 0.25481627 | X12: =_xlfn.NORM.DIST(L11,$S$2,$S$3,FALSE) -> 0.015188935 | Z12: =_xlfn.NORM.DIST(I11,$P$5,$P$6,FALSE) -> 0.22028193 | AA12: =_xlfn.NORM.DIST(J11,$Q$5,$Q$6,FALSE) -> 0.0815005 | AB12: =_xlfn.NORM.DIST(K11,$R$5,$R$6,FALSE) -> 0.24226931 | AC12: =_xlfn.NORM.DIST(L11,$S$5,$S$6,FALSE) -> 0.016921263 | AH12: =$AF$2 * U12 * V12 * W12 * X12 -> 6.6143932e-07 | AI12: =$AF$3 * Z12 * AA12 * AB12 * AC12 -> 3.5436426e-05 | AK12: =IF(AH13>AI13, "ANEMIA", "SEHAT") -> SEHAT
A13: 1 | B13: 15.9 | C13: 21.6 | D13: 32.4 | E13: 83.7 | F13: 0 | H13: 0 | I13: 15.8 | J13: 25.5 | K13: 28.9 | L13: 72.6 | M13: 0 | U13: =_xlfn.NORM.DIST(I12,$P$2,$P$3,FALSE) -> 0.0060574015 | V13: =_xlfn.NORM.DIST(J12,$Q$2,$Q$3,FALSE) -> 0.040965013 | W13: =_xlfn.NORM.DIST(K12,$R$2,$R$3,FALSE) -> 0.1203788 | X13: =_xlfn.NORM.DIST(L12,$S$2,$S$3,FALSE) -> 0.039182217 | Z13: =_xlfn.NORM.DIST(I12,$P$5,$P$6,FALSE) -> 0.24948465 | AA13: =_xlfn.NORM.DIST(J12,$Q$5,$Q$6,FALSE) -> 0.029331695 | AB13: =_xlfn.NORM.DIST(K12,$R$5,$R$6,FALSE) -> 0.15876039 | AC13: =_xlfn.NORM.DIST(L12,$S$5,$S$6,FALSE) -> 0.040256902 | AH13: =$AF$2 * U13 * V13 * W13 * X13 -> 6.0687987e-07 | AI13: =$AF$3 * Z13 * AA13 * AB13 * AC13 -> 2.2518688e-05 | AK13: =IF(AH14>AI14, "ANEMIA", "SEHAT") -> ANEMIA
A14: 1 | B14: 16.7 | C14: 22.8 | D14: 32.5 | E14: 81.9 | F14: 0 | H14: 1 | I14: 13.3 | J14: 28.5 | K14: 29 | L14: 87.7 | M14: 1 | U14: =_xlfn.NORM.DIST(I13,$P$2,$P$3,FALSE) -> 0.21013635 | V14: =_xlfn.NORM.DIST(J13,$Q$2,$Q$3,FALSE) -> 0.090735817 | W14: =_xlfn.NORM.DIST(K13,$R$2,$R$3,FALSE) -> 0.15043442 | X14: =_xlfn.NORM.DIST(L13,$S$2,$S$3,FALSE) -> 0.017299441 | Z14: =_xlfn.NORM.DIST(I13,$P$5,$P$6,FALSE) -> 3.3390093e-05 | AA14: =_xlfn.NORM.DIST(J13,$Q$5,$Q$6,FALSE) -> 0.073247553 | AB14: =_xlfn.NORM.DIST(K13,$R$5,$R$6,FALSE) -> 0.19141553 | AC14: =_xlfn.NORM.DIST(L13,$S$5,$S$6,FALSE) -> 0.014449708 | AH14: =$AF$2 * U14 * V14 * W14 * X14 -> 2.5729035e-05 | AI14: =$AF$3 * Z14 * AA14 * AB14 * AC14 -> 3.2570662e-09 | AK14: =IF(AH15>AI15, "ANEMIA", "SEHAT") -> ANEMIA
A15: 0 | B15: 13.3 | C15: 26.3 | D15: 30 | E15: 100 | F15: 0 | H15: 1 | I15: 16.8 | J15: 22.7 | K15: 32 | L15: 94.3 | M15: 0 | U15: =_xlfn.NORM.DIST(I14,$P$2,$P$3,FALSE) -> 0.17409067 | V15: =_xlfn.NORM.DIST(J14,$Q$2,$Q$3,FALSE) -> 0.042475776 | W15: =_xlfn.NORM.DIST(K14,$R$2,$R$3,FALSE) -> 0.1606707 | X15: =_xlfn.NORM.DIST(L14,$S$2,$S$3,FALSE) -> 0.038475668 | Z15: =_xlfn.NORM.DIST(I14,$P$5,$P$6,FALSE) -> 0.12509187 | AA15: =_xlfn.NORM.DIST(J14,$Q$5,$Q$6,FALSE) -> 0.03049663 | AB15: =_xlfn.NORM.DIST(K14,$R$5,$R$6,FALSE) -> 0.20188838 | AC15: =_xlfn.NORM.DIST(L14,$S$5,$S$6,FALSE) -> 0.040757815 | AH15: =$AF$2 * U15 * V15 * W15 * X15 -> 2.3703035e-05 | AI15: =$AF$3 * Z15 * AA15 * AB15 * AC15 -> 1.5114116e-05 | AK15: =IF(AH16>AI16, "ANEMIA", "SEHAT") -> ANEMIA
A16: 0 | B16: 13.8 | C16: 21 | D16: 28.6 | E16: 80.8 | F16: 0 | H16: 1 | I16: 11.1 | J16: 28 | K16: 30.8 | L16: 77.3 | M16: 1 | U16: =_xlfn.NORM.DIST(I15,$P$2,$P$3,FALSE) -> 0.087996928 | V16: =_xlfn.NORM.DIST(J15,$Q$2,$Q$3,FALSE) -> 0.10401815 | W16: =_xlfn.NORM.DIST(K15,$R$2,$R$3,FALSE) -> 0.16176733 | X16: =_xlfn.NORM.DIST(L15,$S$2,$S$3,FALSE) -> 0.027229511 | Z16: =_xlfn.NORM.DIST(I15,$P$5,$P$6,FALSE) -> 1.4533552e-07 | AA16: =_xlfn.NORM.DIST(J15,$Q$5,$Q$6,FALSE) -> 0.099624993 | AB16: =_xlfn.NORM.DIST(K15,$R$5,$R$6,FALSE) -> 0.12081288 | AC16: =_xlfn.NORM.DIST(L15,$S$5,$S$6,FALSE) -> 0.030107322 | AH16: =$AF$2 * U16 * V16 * W16 * X16 -> 2.090603e-05 | AI16: =$AF$3 * Z16 * AA16 * AB16 * AC16 -> 2.5357419e-11 | AK16: =IF(AH17>AI17, "ANEMIA", "SEHAT") -> SEHAT
A17: 0 | B17: 12.3 | C17: 23 | D17: 29.3 | E17: 85.8 | F17: 0 | H17: 0 | I17: 12.5 | J17: 29.7 | K17: 30.6 | L17: 90.5 | M17: 0 | U17: =_xlfn.NORM.DIST(I16,$P$2,$P$3,FALSE) -> 0.0090252863 | V17: =_xlfn.NORM.DIST(J16,$Q$2,$Q$3,FALSE) -> 0.05037268 | W17: =_xlfn.NORM.DIST(K16,$R$2,$R$3,FALSE) -> 0.25481627 | X17: =_xlfn.NORM.DIST(L16,$S$2,$S$3,FALSE) -> 0.028126591 | Z17: =_xlfn.NORM.DIST(I16,$P$5,$P$6,FALSE) -> 0.30846082 | AA17: =_xlfn.NORM.DIST(J16,$Q$5,$Q$6,FALSE) -> 0.036705555 | AB17: =_xlfn.NORM.DIST(K16,$R$5,$R$6,FALSE) -> 0.24226931 | AC17: =_xlfn.NORM.DIST(L16,$S$5,$S$6,FALSE) -> 0.025829088 | AH17: =$AF$2 * U17 * V17 * W17 * X17 -> 1.6895248e-06 | AI17: =$AF$3 * Z17 * AA17 * AB17 * AC17 -> 3.4112917e-05 | AK17: =IF(AH18>AI18, "ANEMIA", "SEHAT") -> SEHAT
A18: 0 | B18: 15 | C18: 21.8 | D18: 28.8 | E18: 95.2 | F18: 0 | H18: 1 | I18: 12.5 | J18: 25.2 | K18: 28.3 | L18: 73.6 | M18: 1 | U18: =_xlfn.NORM.DIST(I17,$P$2,$P$3,FALSE) -> 0.08031933 | V18: =_xlfn.NORM.DIST(J17,$Q$2,$Q$3,FALSE) -> 0.026255364 | W18: =_xlfn.NORM.DIST(K17,$R$2,$R$3,FALSE) -> 0.25904948 | X18: =_xlfn.NORM.DIST(L17,$S$2,$S$3,FALSE) -> 0.034987666 | Z18: =_xlfn.NORM.DIST(I17,$P$5,$P$6,FALSE) -> 0.34509636 | AA18: =_xlfn.NORM.DIST(J17,$Q$5,$Q$6,FALSE) -> 0.018334284 | AB18: =_xlfn.NORM.DIST(K17,$R$5,$R$6,FALSE) -> 0.25530147 | AC18: =_xlfn.NORM.DIST(L17,$S$5,$S$6,FALSE) -> 0.037914248 | AH18: =$AF$2 * U18 * V18 * W18 * X18 -> 9.9106032e-06 | AI18: =$AF$3 * Z18 * AA18 * AB18 * AC18 -> 2.9487617e-05 | AK18: =IF(AH19>AI19, "ANEMIA", "SEHAT") -> SEHAT
A19: 0 | B19: 16.8 | C19: 24.9 | D19: 32 | E19: 80.6 | F19: 0 | H19: 0 | I19: 10.8 | J19: 19.7 | K19: 29.5 | L19: 93 | M19: 1 | U19: =_xlfn.NORM.DIST(I18,$P$2,$P$3,FALSE) -> 0.08031933 | V19: =_xlfn.NORM.DIST(J18,$Q$2,$Q$3,FALSE) -> 0.094537492 | W19: =_xlfn.NORM.DIST(K18,$R$2,$R$3,FALSE) -> 0.09272773 | X19: =_xlfn.NORM.DIST(L18,$S$2,$S$3,FALSE) -> 0.019531821 | Z19: =_xlfn.NORM.DIST(I18,$P$5,$P$6,FALSE) -> 0.34509636 | AA19: =_xlfn.NORM.DIST(J18,$Q$5,$Q$6,FALSE) -> 0.077506582 | AB19: =_xlfn.NORM.DIST(K18,$R$5,$R$6,FALSE) -> 0.12640327 | AC19: =_xlfn.NORM.DIST(L18,$S$5,$S$6,FALSE) -> 0.016672964 | AH19: =$AF$2 * U19 * V19 * W19 * X19 -> 7.1308414e-06 | AI19: =$AF$3 * Z19 * AA19 * AB19 * AC19 -> 2.7141239e-05 | AK19: =IF(AH20>AI20, "ANEMIA", "SEHAT") -> SEHAT
A20: 0 | B20: 16.8 | C20: 22.3 | D20: 30.8 | E20: 76.7 | F20: 0 | H20: 1 | I20: 10.5 | J20: 23 | K20: 30.4 | L20: 100.1 | M20: 1 | U20: =_xlfn.NORM.DIST(I19,$P$2,$P$3,FALSE) -> 0.0049224187 | V20: =_xlfn.NORM.DIST(J19,$Q$2,$Q$3,FALSE) -> 0.065254159 | W20: =_xlfn.NORM.DIST(K19,$R$2,$R$3,FALSE) -> 0.20956181 | X20: =_xlfn.NORM.DIST(L19,$S$2,$S$3,FALSE) -> 0.030139568 | Z20: =_xlfn.NORM.DIST(I19,$P$5,$P$6,FALSE) -> 0.22028193 | AA20: =_xlfn.NORM.DIST(J19,$Q$5,$Q$6,FALSE) -> 0.080178802 | AB20: =_xlfn.NORM.DIST(K19,$R$5,$R$6,FALSE) -> 0.2461505 | AC20: =_xlfn.NORM.DIST(L19,$S$5,$S$6,FALSE) -> 0.033142021 | AH20: =$AF$2 * U20 * V20 * W20 * X20 -> 1.0519623e-06 | AI20: =$AF$3 * Z20 * AA20 * AB20 * AC20 -> 6.9374161e-05 | AK20: =IF(AH21>AI21, "ANEMIA", "SEHAT") -> SEHAT
A21: 1 | B21: 15.2 | C21: 24.9 | D21: 28.4 | E21: 90.1 | F21: 0 | H21: 1 | I21: 11.9 | J21: 25.9 | K21: 32 | L21: 83.2 | M21: 1 | U21: =_xlfn.NORM.DIST(I20,$P$2,$P$3,FALSE) -> 0.0025572499 | V21: =_xlfn.NORM.DIST(J20,$Q$2,$Q$3,FALSE) -> 0.10524968 | W21: =_xlfn.NORM.DIST(K20,$R$2,$R$3,FALSE) -> 0.25893203 | X21: =_xlfn.NORM.DIST(L20,$S$2,$S$3,FALSE) -> 0.014174194 | Z21: =_xlfn.NORM.DIST(I20,$P$5,$P$6,FALSE) -> 0.14087585 | AA21: =_xlfn.NORM.DIST(J20,$Q$5,$Q$6,FALSE) -> 0.098693946 | AB21: =_xlfn.NORM.DIST(K20,$R$5,$R$6,FALSE) -> 0.26419211 | AC21: =_xlfn.NORM.DIST(L20,$S$5,$S$6,FALSE) -> 0.015782509 | AH21: =$AF$2 * U21 * V21 * W21 * X21 -> 5.122033e-07 | AI21: =$AF$3 * Z21 * AA21 * AB21 * AC21 -> 2.7912744e-05 | AK21: =IF(AH22>AI22, "ANEMIA", "SEHAT") -> SEHAT
A22: 1 | B22: 16.1 | C22: 25.9 | D22: 31.7 | E22: 78 | F22: 0 | H22: 1 | I22: 13.2 | J22: 17.8 | K22: 29.6 | L22: 71.2 | M22: 1 | U22: =_xlfn.NORM.DIST(I21,$P$2,$P$3,FALSE) -> 0.035832718 | V22: =_xlfn.NORM.DIST(J21,$Q$2,$Q$3,FALSE) -> 0.085060921 | W22: =_xlfn.NORM.DIST(K21,$R$2,$R$3,FALSE) -> 0.16176733 | X22: =_xlfn.NORM.DIST(L21,$S$2,$S$3,FALSE) -> 0.038218431 | Z22: =_xlfn.NORM.DIST(I21,$P$5,$P$6,FALSE) -> 0.44140935 | AA22: =_xlfn.NORM.DIST(J21,$Q$5,$Q$6,FALSE) -> 0.067335673 | AB22: =_xlfn.NORM.DIST(K21,$R$5,$R$6,FALSE) -> 0.12081288 | AC22: =_xlfn.NORM.DIST(L21,$S$5,$S$6,FALSE) -> 0.038491852 | AH22: =$AF$2 * U22 * V22 * W22 * X22 -> 9.7709724e-06 | AI22: =$AF$3 * Z22 * AA22 * AB22 * AC22 -> 6.6550049e-05 | AK22: =IF(AH23>AI23, "ANEMIA", "SEHAT") -> SEHAT
A23: 0 | B23: 16.6 | C23: 21.7 | D23: 30.8 | E23: 88.1 | F23: 0 | H23: 1 | I23: 14.8 | J23: 29.6 | K23: 31.7 | L23: 91.6 | M23: 0 | U23: =_xlfn.NORM.DIST(I22,$P$2,$P$3,FALSE) -> 0.16106292 | V23: =_xlfn.NORM.DIST(J22,$Q$2,$Q$3,FALSE) -> 0.034994139 | W23: =_xlfn.NORM.DIST(K22,$R$2,$R$3,FALSE) -> 0.21820909 | X23: =_xlfn.NORM.DIST(L22,$S$2,$S$3,FALSE) -> 0.014360014 | Z23: =_xlfn.NORM.DIST(I22,$P$5,$P$6,FALSE) -> 0.14823612 | AA23: =_xlfn.NORM.DIST(J22,$Q$5,$Q$6,FALSE) -> 0.052154847 | AB23: =_xlfn.NORM.DIST(K22,$R$5,$R$6,FALSE) -> 0.25264013 | AC23: =_xlfn.NORM.DIST(L22,$S$5,$S$6,FALSE) -> 0.011618227 | AH23: =$AF$2 * U23 * V23 * W23 * X23 -> 9.1576245e-06 | AI23: =$AF$3 * Z23 * AA23 * AB23 * AC23 -> 1.0926234e-05 | AK23: =IF(AH24>AI24, "ANEMIA", "SEHAT") -> ANEMIA
... A109: 1 | B109: 13 | C109: 26 | D109: 31.4 | E109: 82.8 | F109: 1 | H109: 1 | I109: 13 | J109: 26 | K109: 31.4 | L109: 82.8 | M109: 1 | U109: =_xlfn.NORM.DIST(I108,$P$2,$P$3,FALSE) -> 0.16106292 | V109: =_xlfn.NORM.DIST(J108,$Q$2,$Q$3,FALSE) -> 0.076997647 | W109: =_xlfn.NORM.DIST(K108,$R$2,$R$3,FALSE) -> 0.068758452 | X109: =_xlfn.NORM.DIST(L108,$S$2,$S$3,FALSE) -> 0.020004804 | Z109: =_xlfn.NORM.DIST(I108,$P$5,$P$6,FALSE) -> 0.14823612 | AA109: =_xlfn.NORM.DIST(J108,$Q$5,$Q$6,FALSE) -> 0.088722459 | AB109: =_xlfn.NORM.DIST(K108,$R$5,$R$6,FALSE) -> 0.096610795 | AC109: =_xlfn.NORM.DIST(L108,$S$5,$S$6,FALSE) -> 0.022281423 | AH109: =$AF$2 * U109 * V109 * W109 * X109 -> 8.8449966e-06 | AI109: =$AF$3 * Z109 * AA109 * AB109 * AC109 -> 1.3631253e-05 | AK109: =IF(AH110>AI110, "ANEMIA", "SEHAT") -> ANEMIA
U110: =_xlfn.NORM.DIST(I109,$P$2,$P$3,FALSE) -> 0.13564215 | V110: =_xlfn.NORM.DIST(J109,$Q$2,$Q$3,FALSE) -> 0.083551326 | W110: =_xlfn.NORM.DIST(K109,$R$2,$R$3,FALSE) -> 0.21910148 | X110: =_xlfn.NORM.DIST(L109,$S$2,$S$3,FALSE) -> 0.037834026 | Z110: =_xlfn.NORM.DIST(I109,$P$5,$P$6,FALSE) -> 0.20064584 | AA110: =_xlfn.NORM.DIST(J109,$Q$5,$Q$6,FALSE) -> 0.065830321 | AB110: =_xlfn.NORM.DIST(K109,$R$5,$R$6,FALSE) -> 0.18565365 | AC110: =_xlfn.NORM.DIST(L109,$S$5,$S$6,FALSE) -> 0.037902394 | AH110: =$AF$2 * U110 * V110 * W110 * X110 -> 4.8712472e-05 | AI110: =$AF$3 * Z110 * AA110 * AB110 * AC110 -> 4.4751319e-05
